STATE,ST_CASE,VE_TOTAL,VE_FORMS,PVH_INVL,PEDS,PERNOTMVIT,PERMVIT,PERSONS,COUNTY,CITY,DAY,MONTH,YEAR,DAY_WEEK,HOUR,MINUTE,NHS,RUR_URB,FUNC_SYS,RD_OWNER,ROUTE,TWAY_ID,TWAY_ID2,MILEPT,LATITUDE,LONGITUD,SP_JUR,HARM_EV,MAN_COLL,RELJCT1,RELJCT2,TYP_INT,WRK_ZONE,REL_ROAD,LGT_COND,WEATHER1,WEATHER2,WEATHER,SCH_BUS,RAIL,NOT_HOUR,NOT_MIN,ARR_HOUR,ARR_MIN,HOSP_HR,HOSP_MN,CF1,CF2,CF3,FATALS,DRUNK_DR
24,240192,1,1,0,0,0,1,1,15,0,11,6,2016,7,5,6,0,1,7,2,4,CR-40,,34,39.66123056,-76.103463890000,0,35,0,0,1,1,0,4,2,1,0,1,0,0000000,99,99,99,99,88,88,0,0,0,1,1
24,240193,1,1,0,0,0,2,2,21,0,13,6,2016,2,15,22,1,2,1,1,1,I-70,,240,39.38191389,-77.262577780000,0,1,0,0,1,1,0,1,1,1,0,1,0,0000000,99,99,99,99,99,99,0,0,0,1,0
24,240194,3,3,0,0,0,3,3,31,0,18,6,2016,7,1,45,1,2,1,1,1,I-495,,11,38.98156944,-77.172600000000,0,12,6,0,1,1,0,1,2,1,0,1,0,0000000,99,99,99,99,99,99,14,0,0,1,0
24,240195,7,7,0,0,0,10,10,3,0,16,6,2016,5,13,53,0,2,3,1,3,SR-2,CR-4505,333,39.12595556,-76.589705560000,0,12,1,0,2,2,0,1,1,1,0,1,0,0000000,99,99,99,99,99,99,0,0,0,1,0
24,240196,1,1,0,0,0,1,1,31,0,17,6,2016,6,6,55,0,2,3,2,4,CR-1659,,59,39.07016389,-77.013066670000,0,1,0,0,1,1,0,4,1,99,0,99,0,0000000,99,99,99,99,88,88,0,0,0,1,0
24,240197,1,1,0,0,0,2,2,27,0,5,6,2016,1,4,51,0,2,5,2,4,CR-157,,22,39.21976111,-76.754325000000,0,30,0,0,1,1,0,4,2,10,0,10,0,0000000,99,99,99,99,99,99,0,0,0,1,0
24,240198,3,3,0,0,0,8,8,510,50,6,7,2016,4,12,11,1,2,1,1,1,I-95,,67,39.26709167,-76.561275000000,0,12,1,0,1,1,0,1,1,1,0,1,0,0000000,99,99,99,99,99,99,26,0,0,1,0
24,240199,2,2,0,0,0,3,3,9,0,11,7,2016,2,15,18,0,2,5,1,3,SR-497,CR-75,13,38.38405556,-76.413411110000,0,12,2,0,2,3,0,1,1,99,0,99,0,0000000,99,99,99,99,99,99,0,0,0,1,0
24,240200,1,1,0,1,1,1,1,5,0,10,1,2016,1,19,30,0,2,4,1,3,SR-151,,41,39.27433889,-76.473455560000,0,8,0,0,1,1,0,1,2,10,0,10,0,0000000,99,99,99,99,88,88,0,0,0,1,0
24,240201,2,2,0,0,0,3,3,5,0,24,5,2016,3,15,8,0,2,5,2,4,CR-8007,,11,39.28250278,-76.494116670000,0,12,6,0,1,1,0,1,1,1,0,1,0,0000000,99,99,99,99,88,88,0,0,0,1,0
24,240202,2,2,0,0,0,2,2,27,0,9,6,2016,5,17,20,0,2,5,2,4,CR-70,,45,39.33215556,-76.902516670000,0,12,2,0,1,1,0,1,1,1,0,1,0,0000000,99,99,99,99,99,99,0,0,0,1,0
24,240203,1,1,0,1,1,2,2,45,0,29,6,2016,4,19,52,0,1,5,2,3,SR-350,,68,38.33812222,-75.449708330000,0,9,0,0,1,1,0,1,1,99,0,99,0,0000000,99,99,99,99,99,99,0,0,0,1,0
24,240204,2,2,0,0,0,2,2,25,0,13,7,2016,4,16,14,0,2,3,1,3,SR-152,,76,39.49047500,-76.393030560000,0,12,2,0,1,1,0,1,1,2,0,2,0,0000000,99,99,99,99,99,99,0,0,0,1,0
24,240205,1,1,0,0,0,1,1,23,0,12,7,2016,3,5,24,1,1,1,1,1,I-68,,169,39.68858611,-79.190122220000,0,34,0,0,1,1,0,4,4,1,0,1,0,0000000,99,99,99,99,88,88,0,0,0,1,0
24,240206,2,2,0,0,0,2,2,15,0,8,7,2016,6,4,40,1,2,1,1,1,I-95,,60,39.61699444,-75.997541670000,0,12,1,0,1,1,0,1,3,1,0,1,0,0000000,99,99,99,99,88,88,0,0,0,1,0
24,240207,1,1,0,1,1,1,1,33,0,24,6,2016,6,12,30,0,2,4,1,3,SR-193,CR-3574,175,38.89783611,-76.790436110000,0,8,0,0,2,2,0,1,1,1,0,1,0,0000000,99,99,99,99,99,99,0,0,0,1,0
24,240208,1,1,0,0,0,1,1,43,0,14,7,2016,5,19,5,0,1,5,1,3,SR-77,,21,39.64400556,-77.550788890000,0,59,0,0,1,1,0,4,1,1,0,1,0,0000000,99,99,99,99,88,88,0,0,0,1,0
24,240209,2,2,0,0,0,2,2,31,0,6,7,2016,4,4,54,0,2,4,2,4,CR-319,,21,39.02182778,-77.084863890000,0,12,2,0,1,1,0,1,3,99,0,99,0,0000000,99,99,99,99,99,99,0,0,0,1,0
24,240210,1,1,0,1,1,1,1,3,0,15,7,2016,6,22,59,0,2,4,1,3,SR-170,,106,39.21422222,-76.644008330000,0,8,0,0,1,1,0,1,3,1,0,1,0,0000000,99,99,99,99,99,99,0,0,0,1,0
24,240211,1,1,0,1,1,1,1,27,0,19,4,2016,3,4,47,0,2,3,1,3,SR-175,,13,39.17003333,-76.783975000000,0,8,0,0,1,1,0,1,2,1,0,1,0,0000000,99,99,99,99,99,99,0,0,0,1,0
24,240212,1,1,0,0,0,1,1,510,50,13,6,2016,2,15,19,0,2,3,1,3,SR-151,,11,39.30010278,-76.548686110000,0,33,0,0,1,1,0,4,1,1,0,1,0,0000000,99,99,99,99,99,99,0,0,0,1,0
24,240213,1,1,0,0,0,2,2,27,0,17,7,2016,1,6,11,1,2,1,1,1,I-70,,186,39.30023889,-76.801733330000,0,42,0,0,1,1,4,4,4,1,0,1,0,0000000,99,99,99,99,99,99,3,0,0,1,0
24,240215,3,3,0,0,0,6,6,9,0,5,7,2016,3,14,47,0,2,4,1,3,SR-260,CR-619,5,38.75593056,-76.648538890000,0,12,1,0,2,3,0,1,1,1,0,1,0,0000000,99,99,99,99,99,99,0,0,0,1,0
24,240216,1,1,0,0,0,1,1,5,0,20,6,2016,2,3,9,1,2,1,1,1,I-95,,18,39.24096389,-76.695133330000,0,31,0,0,1,1,0,3,9,1,0,1,0,0000000,99,99,99,99,88,88,0,0,0,1,1
24,240217,2,1,1,0,0,1,1,3,0,21,7,2016,5,23,0,0,2,3,1,3,SR-3,,25,39.02356389,-76.692702780000,0,14,0,0,1,1,0,2,2,1,0,1,0,0000000,99,99,99,99,88,88,0,0,0,1,0
24,240218,1,1,0,0,0,2,2,15,0,29,7,2016,6,13,14,1,2,3,1,2,US-1,CR-8,30,39.68932778,-76.133380560000,0,1,0,0,2,2,0,1,1,1,0,1,0,0000000,99,99,99,99,99,99,0,0,0,1,0
24,240219,2,2,0,0,0,2,2,9,0,22,7,2016,6,16,1,0,2,3,1,3,SR-402,,16,38.55301389,-76.563163890000,0,12,2,0,1,1,0,1,1,1,0,1,0,0000000,99,99,99,99,99,99,0,0,0,1,0
24,240220,2,2,0,0,0,2,2,3,0,27,7,2016,4,21,52,0,2,4,1,3,SR-648E,CR-223,56,39.19463333,-76.641811110000,0,12,6,0,2,3,0,1,3,1,0,1,0,0000000,99,99,99,99,88,88,0,0,0,1,1
24,240221,2,2,0,0,0,4,4,33,0,24,7,2016,1,1,10,1,2,1,1,1,I-95,,91,38.82076111,-76.891858330000,0,12,7,0,1,1,0,1,2,1,0,1,0,0000000,99,99,99,99,99,99,0,0,0,1,0
24,240222,2,2,0,0,0,2,2,17,0,30,7,2016,7,11,36,0,2,3,1,2,US-301,CR-58,240,38.63416389,-76.902605560000,0,12,6,0,3,3,0,1,1,10,0,10,0,0000000,99,99,99,99,88,88,0,0,0,1,0
24,240223,2,2,0,0,0,2,2,9,0,28,7,2016,5,10,57,0,2,4,1,3,SR-22,,305,38.70385556,-76.647272220000,0,12,6,0,7,1,0,1,1,1,0,1,0,0000000,99,99,99,99,88,88,0,0,0,1,0
24,240224,1,1,0,1,1,1,1,33,0,17,7,2016,1,2,6,0,2,3,1,3,SR-193,,9,38.98371667,-76.978319440000,0,8,0,0,1,1,0,1,3,1,0,1,0,0000000,99,99,99,99,88,88,0,0,0,1,0
24,240225,2,2,0,0,0,2,2,47,0,31,7,2016,1,8,6,1,2,3,1,2,US-50,SR-589,96,38.34651389,-75.168230560000,0,12,6,0,3,3,0,1,1,1,0,1,0,0000000,99,99,99,99,88,88,0,0,0,1,0
24,240226,1,1,0,1,1,1,1,13,0,29,7,2016,6,21,5,0,2,3,1,3,SR-140,,87,39.57223611,-76.983611110000,0,8,0,0,1,1,0,1,2,1,0,1,0,0000000,99,99,99,99,99,99,0,0,0,1,0
24,240227,2,2,0,0,0,3,3,19,0,29,7,2016,6,15,4,0,1,3,1,2,US-50,CR-539,85,38.54042778,-75.945319440000,0,12,6,0,2,2,0,1,1,1,0,1,0,0000000,99,99,99,99,99,99,0,0,0,1,0
24,240228,1,1,0,0,0,1,1,21,0,31,7,2016,1,8,44,0,1,7,2,4,CR-308,,18,39.33435000,-77.467261110000,0,42,0,0,1,1,0,4,1,10,0,10,0,0000000,99,99,99,99,99,99,0,0,0,1,0
24,240229,1,1,0,1,1,1,1,510,50,1,2,2016,2,23,22,0,2,3,4,6,MU500,MD542,4,39.32834444,-76.595047220000,0,8,0,0,3,2,0,1,3,1,0,1,0,0000000,99,99,99,99,99,99,0,0,0,1,0
24,240230,1,1,0,0,0,1,1,33,0,15,7,2016,6,23,2,0,2,4,2,4,CR-123,,26,38.78846944,-76.925980560000,0,32,0,0,1,1,0,4,2,1,0,1,0,0000000,99,99,99,99,88,88,0,0,0,1,0
24,240231,1,1,0,1,1,2,2,33,0,20,7,2016,4,16,19,0,2,3,1,3,SR-214,,10,38.88722500,-76.896261110000,0,33,0,0,1,1,0,3,1,1,0,1,0,0000000,99,99,99,99,88,88,0,0,0,1,0
24,240232,1,1,0,1,1,1,1,33,0,22,7,2016,6,22,5,0,2,4,2,4,CR-87,,30,38.88022500,-76.858891670000,0,8,0,0,1,1,0,1,2,1,0,1,0,0000000,99,99,99,99,99,99,0,0,0,1,0
24,240233,1,1,0,0,0,1,1,5,0,7,8,2016,1,17,21,1,1,1,1,1,I-83,,133,39.53222778,-76.663033330000,0,1,0,0,1,1,0,4,1,1,0,1,0,0000000,99,99,99,99,88,88,0,0,0,1,0
24,240234,2,2,0,0,0,2,2,21,0,6,8,2016,7,16,39,0,1,4,1,2,US-40AL,,11,39.47074722,-77.599166670000,0,12,2,0,1,1,0,1,1,1,0,1,0,0000000,99,99,99,99,99,99,0,0,0,1,0
24,240235,1,1,0,0,0,1,1,13,0,6,8,2016,7,0,42,0,2,5,1,4,CR-172,,18,39.62460000,-76.827316670000,0,43,0,0,1,1,0,4,2,1,0,1,0,0000000,99,99,99,99,88,88,0,0,0,1,1
24,240236,1,1,0,0,0,1,1,21,0,9,8,2016,3,23,40,0,1,5,1,3,SR-77,CR-17,6,39.63856944,-77.515263890000,0,42,0,0,3,3,0,4,9,1,0,1,0,0000000,99,99,99,99,88,88,0,0,0,1,1
24,240237,2,2,0,0,0,2,2,5,0,25,6,2016,7,21,4,0,2,4,2,4,CR-773,CR-813,48,39.45919722,-76.613969440000,0,12,6,0,2,3,0,1,3,1,0,1,0,0000000,99,99,99,99,99,99,0,0,0,1,0
24,240238,2,2,0,0,0,2,2,3,0,9,8,2016,3,16,46,0,2,5,2,4,CR-1371,ELVATION ROAD,3,39.13961667,-76.624838890000,0,12,6,0,3,98,0,1,1,10,0,10,0,0000000,99,99,99,99,99,99,0,0,0,1,0
24,240239,1,1,0,0,0,1,1,5,0,19,7,2016,3,16,22,1,2,1,1,1,I-95,,8,39.23801111,-76.705738890000,0,59,0,0,1,1,4,4,1,1,0,1,0,0000000,99,99,99,99,88,88,0,0,0,1,0
24,240240,2,2,0,0,0,2,2,31,0,9,6,2016,5,20,19,0,2,5,2,4,CR-212 RAMP,,0,39.13526944,-77.166058330000,0,99,99,0,5,1,0,1,3,1,0,1,0,0000000,99,99,99,99,99,99,0,0,0,1,0
24,240241,2,2,0,0,0,2,2,33,0,14,8,2016,1,8,26,1,2,1,1,1,I-595,,51,38.94424444,-76.783238890000,0,12,6,0,1,1,0,1,1,1,0,1,0,0000000,99,99,99,99,99,99,0,0,0,1,0
24,240242,2,2,0,0,0,2,2,3,0,12,8,2016,6,13,36,0,2,3,1,3,SR-177,,54,39.11674444,-76.504686110000,0,12,6,0,1,1,0,1,1,1,0,1,0,0000000,99,99,99,99,99,99,0,0,0,1,0
24,240243,2,2,0,0,0,7,7,17,0,9,8,2016,3,16,6,0,1,5,1,3,SR-6,,222,38.51178611,-77.028713890000,0,12,2,0,1,1,0,1,1,10,0,10,0,0000000,99,99,99,99,99,99,0,0,0,1,0
24,240244,1,1,0,0,0,1,1,17,0,21,7,2016,5,23,50,0,2,7,2,4,CR-18,SR-227,5,38.62904167,-77.072513890000,0,33,0,0,3,2,0,4,2,1,0,1,0,0000000,99,99,99,99,99,99,0,0,0,1,1
24,240245,2,2,0,0,0,2,2,33,0,14,7,2016,5,14,46,0,2,7,1,4,CR-3074,CR-728,35,38.84899444,-76.880688890000,0,12,6,0,3,2,0,1,1,1,0,1,0,0000000,99,99,99,99,99,99,0,0,0,1,0
24,240246,1,1,0,0,0,1,1,15,0,14,7,2016,5,6,13,0,1,7,2,4,CR-401,,11,39.71672778,-76.162355560000,0,1,0,0,1,1,0,1,4,1,0,1,0,0000000,99,99,99,99,99,99,0,0,0,1,0
24,240247,1,1,0,1,1,1,1,31,0,4,8,2016,5,21,20,0,2,4,1,3,SR-182,SHOPPING CENTER ENTRANCE,24,39.09244167,-77.045202780000,0,8,0,0,3,98,0,1,2,1,0,1,0,0000000,99,99,99,99,88,88,0,0,0,1,0
24,240248,1,1,0,0,0,4,4,45,0,1,8,2016,2,22,2,0,1,5,1,3,SR-313,,23,38.49245000,-75.753416670000,0,42,0,0,1,1,0,4,2,2,0,2,0,0000000,99,99,99,99,99,99,0,0,0,1,0
24,240249,1,1,0,0,0,3,3,43,0,12,8,2016,6,7,57,0,2,7,2,4,CR-146,CR-151,7,39.68994722,-77.734733330000,0,35,0,0,3,3,0,4,1,99,0,99,0,0000000,99,99,99,99,99,99,0,0,0,2,0
24,240250,3,3,0,0,0,5,5,27,0,12,8,2016,6,12,17,1,2,1,1,1,I-95,,26,39.13362778,-76.857144440000,0,12,2,0,1,1,0,1,1,1,0,1,0,0000000,99,99,99,99,99,99,0,0,0,1,0
24,240251,2,2,0,0,0,3,3,23,0,23,5,2016,2,13,58,1,1,3,1,2,US-219,,206,39.51222222,-79.322736110000,0,12,2,0,1,1,0,1,1,10,0,10,0,0000000,99,99,99,99,99,99,0,0,0,2,1
24,240252,2,2,0,1,1,3,3,5,0,25,5,2016,4,23,32,1,2,3,1,2,US-40,CR-3959,225,39.38989444,-76.414847220000,0,8,0,0,3,2,0,1,3,1,0,1,0,0000000,99,99,99,99,99,99,0,0,0,1,0
24,240253,1,1,0,0,0,3,3,25,0,20,8,2016,7,14,34,0,2,3,1,3,SR-24,MU-60,93,39.52366389,-76.356900000000,0,42,0,0,3,2,0,3,1,1,0,1,0,0000000,99,99,99,99,99,99,0,0,0,2,0
24,240254,2,2,0,0,0,2,2,5,0,21,8,2016,1,3,4,1,2,1,1,1,I-695,,16,39.25543333,-76.688525000000,0,12,1,0,1,1,4,1,2,1,0,1,0,0000000,99,99,99,99,88,88,0,0,0,1,2
24,240255,1,1,0,0,0,2,2,47,0,13,8,2016,7,19,41,0,1,7,2,4,CR-94,,13,38.11078333,-75.354083330000,0,42,0,0,1,1,0,4,5,1,0,1,0,0000000,99,99,99,99,99,99,0,0,0,1,0
24,240257,2,2,0,0,0,2,2,31,0,20,8,2016,7,22,35,0,2,3,1,3,SR-193,MU-960,67,38.99271944,-76.991327780000,0,12,11,0,2,2,0,1,3,1,0,1,0,0000000,99,99,99,99,88,88,0,0,0,1,0
24,240258,2,2,0,0,0,4,4,17,0,24,8,2016,4,18,25,1,2,3,1,2,US-301,HOLLY LN,239,38.63270833,-76.904097220000,0,12,6,0,3,2,0,1,1,1,0,1,0,0000000,99,99,99,99,99,99,0,0,0,2,0
24,240259,2,2,0,0,0,2,2,3,0,23,8,2016,3,17,49,0,2,4,2,4,CR-4237,CR-1539,6,39.15196944,-76.583933330000,0,12,6,0,2,2,0,1,1,1,0,1,0,0000000,99,99,99,99,88,88,0,0,0,1,0
24,240260,2,2,0,0,0,3,3,9,0,20,8,2016,7,16,10,0,1,5,2,4,CR-54,,0,38.50334167,-76.642755560000,0,12,2,0,1,1,0,1,1,1,0,1,0,0000000,99,99,99,99,99,99,0,0,0,1,0
24,240261,1,1,0,1,1,1,1,19,0,14,8,2016,1,17,54,0,1,6,1,3,SR-392,,21,38.59803056,-75.915816670000,0,8,0,0,1,1,0,1,1,1,0,1,0,0000000,99,99,99,99,99,99,0,0,0,1,0
24,240262,2,2,0,0,0,2,2,29,0,28,8,2016,1,14,12,0,2,4,1,3,SR-20,SR-21,66,39.19834722,-76.189975000000,0,12,6,0,2,2,0,1,1,1,0,1,0,0000000,99,99,99,99,99,99,0,0,0,1,0
24,240263,2,2,0,0,0,5,5,11,0,28,8,2016,1,22,52,0,1,4,1,3,SR-313,SR-317,199,38.90525556,-75.814530560000,0,12,6,0,2,2,0,1,2,1,0,1,0,0000000,99,99,99,99,99,99,0,0,0,1,0
24,240264,1,1,0,1,1,1,1,510,50,15,8,2016,2,13,20,9,9,99,99,9,N. CHESTER ST,,0,39.30328056,-76.588077780000,0,8,0,0,1,1,0,1,1,1,0,1,0,0000000,99,99,99,99,88,88,0,0,0,1,0
24,240265,2,2,0,0,0,4,4,21,0,6,6,2016,2,14,45,0,2,7,2,4,CR-2122,,0,39.33089167,-77.421719440000,0,12,2,0,1,1,0,1,1,1,0,1,0,0000000,99,99,99,99,99,99,0,0,0,1,1
24,240266,3,3,0,0,0,3,3,27,0,15,8,2016,2,3,27,0,2,2,1,3,SR-100,,45,39.20967500,-76.794325000000,0,12,2,0,1,1,0,1,3,1,0,1,0,0000000,99,99,99,99,88,88,0,0,0,1,1
24,240269,2,2,0,0,0,2,2,33,0,27,8,2016,7,3,15,1,2,1,1,1,I-95,,131,38.86325556,-76.848186110000,0,12,1,0,1,1,0,1,2,99,0,99,0,0000000,99,99,99,99,88,88,0,0,0,1,1
24,240270,1,1,0,0,0,1,1,33,0,7,9,2016,4,5,18,1,2,1,1,1,I-595 RAMP,,63,38.95154167,-76.747441670000,0,42,0,0,5,1,0,4,2,1,0,1,0,0000000,99,99,99,99,88,88,0,0,0,1,1
24,240271,1,1,0,1,1,2,2,17,0,24,8,2016,4,13,15,0,2,4,2,4,CR-50,CR-1787,16,38.62821944,-76.968255560000,0,9,0,0,2,2,0,1,1,1,0,1,0,0000000,99,99,99,99,99,99,0,0,0,1,0
24,240272,1,1,0,1,1,1,1,5,0,27,7,2016,4,22,15,0,2,3,1,3,SR-26,,96,39.34197778,-76.725683330000,0,8,0,0,1,1,0,1,2,1,0,1,0,0000000,99,99,99,99,99,99,0,0,0,1,0
24,240273,1,1,0,0,0,1,1,27,0,19,8,2016,6,12,40,0,2,7,2,4,CR-2509,,0,39.17161111,-76.806766670000,0,42,0,0,1,1,0,4,1,99,0,99,0,0000000,99,99,99,99,88,88,0,0,0,1,0
24,240274,1,1,0,0,0,1,1,47,0,6,8,2016,7,9,35,0,1,7,1,4,CR-236,,33,38.44918889,-75.286730560000,0,1,0,0,1,1,0,4,9,1,0,1,0,0000000,99,99,99,99,88,88,24,0,0,1,1
24,240276,2,2,0,0,0,2,2,5,0,17,9,2016,7,20,35,1,2,1,1,1,I-695,,130,39.38451111,-76.733991670000,0,5,0,0,1,1,0,1,3,1,0,1,0,0000000,99,99,99,99,99,99,14,0,0,1,0
24,240277,1,1,0,1,1,3,3,35,0,16,9,2016,6,23,6,1,1,2,1,2,US-301,,301,39.13819444,-75.928019440000,0,8,0,0,1,1,0,1,2,99,0,99,0,0000000,99,99,99,99,99,99,0,0,0,1,0
24,240278,2,2,0,0,0,6,6,11,0,17,9,2016,7,18,47,0,1,3,1,3,SR-404,,30,38.91593333,-75.896069440000,0,12,2,0,1,1,0,1,5,1,0,1,0,0000000,99,99,99,99,99,99,0,0,0,1,1
24,240279,1,1,0,1,1,1,1,5,0,26,8,2016,6,15,47,0,1,7,2,4,CR-175,CR-174,0,39.55207500,-76.819600000000,0,9,0,0,2,3,0,1,1,1,0,1,0,0000000,99,99,99,99,88,88,0,0,0,1,0
24,240280,1,1,0,1,1,1,1,13,0,10,8,2016,4,0,57,0,2,4,2,4,CR-398,,17,39.56925000,-76.964969440000,0,8,0,0,1,1,0,1,2,1,0,1,0,0000000,99,99,99,99,99,99,0,0,0,1,0
24,240281,3,3,0,0,0,3,3,17,0,19,9,2016,2,20,39,0,2,3,1,2,US-301,SR-227,196,38.58331944,-76.951441670000,0,12,6,0,2,2,0,1,3,1,0,1,0,0000000,99,99,99,99,99,99,14,0,0,2,0
24,240282,4,4,0,0,0,8,8,33,0,21,9,2016,4,13,37,0,2,2,1,3,SR-4,,63,38.81474167,-76.826511110000,0,12,1,0,1,1,0,1,1,1,0,1,0,0000000,99,99,99,99,99,99,0,0,0,1,0
24,240284,1,1,0,1,1,1,1,5,0,13,9,2016,3,21,38,0,2,4,1,3,SR-122,,6,39.31278333,-76.747011110000,0,33,0,0,1,1,0,1,3,1,0,1,0,0000000,99,99,99,99,99,99,0,0,0,1,0
24,240285,3,3,0,0,0,5,5,27,0,13,9,2016,3,20,5,0,2,2,1,3,SR-32,,3,39.12997778,-76.798572220000,0,12,1,0,1,1,0,1,3,1,0,1,0,0000000,99,99,99,99,99,99,0,0,0,1,0
24,240286,2,2,0,0,0,5,5,5,0,23,9,2016,6,18,7,1,2,1,1,1,I-83,,176,39.59266389,-76.673175000000,0,24,0,0,1,1,0,4,1,1,0,1,0,0000000,99,99,99,99,99,99,0,0,0,1,0
24,240287,1,1,0,0,0,3,3,15,0,10,9,2016,7,21,41,0,1,7,2,4,CR-138,,18,39.67606389,-75.900588890000,0,42,0,0,1,1,0,4,2,1,0,1,0,0000000,99,99,99,99,99,99,0,0,0,1,0
24,240289,4,4,0,0,0,5,5,43,0,30,9,2016,6,2,1,1,1,1,1,1,I-70,,29,39.69901944,-78.154741670000,0,12,1,0,1,1,0,1,2,2,0,2,0,0000000,99,99,99,99,99,99,0,0,0,1,0
24,240290,2,2,0,0,0,2,2,31,0,25,9,2016,1,18,22,0,2,3,2,4,CR-1659,CR-1344,30,39.05936111,-77.062005560000,0,12,6,0,2,2,0,1,5,99,0,99,0,0000000,99,99,99,99,99,99,0,0,0,1,0
24,240291,2,1,1,1,1,1,1,510,50,8,6,2016,4,13,20,0,2,4,4,6,MU-1670,MU-6157,0,39.29531667,-76.642741670000,0,9,0,0,2,2,0,1,1,1,0,1,0,0000000,99,99,99,99,88,88,14,16,0,1,0
24,240292,1,1,0,1,1,1,1,33,0,21,9,2016,4,14,26,0,2,3,1,3,SR-214,,10,38.88709167,-76.896294440000,0,8,0,0,1,1,0,1,1,10,0,10,0,0000000,99,99,99,99,88,88,0,0,0,1,0