STATE,ST_CASE,VE_TOTAL,VE_FORMS,PVH_INVL,PEDS,PERNOTMVIT,PERMVIT,PERSONS,COUNTY,CITY,DAY,MONTH,YEAR,DAY_WEEK,HOUR,MINUTE,NHS,RUR_URB,FUNC_SYS,RD_OWNER,ROUTE,TWAY_ID,TWAY_ID2,MILEPT,LATITUDE,LONGITUD,SP_JUR,HARM_EV,MAN_COLL,RELJCT1,RELJCT2,TYP_INT,WRK_ZONE,REL_ROAD,LGT_COND,WEATHER1,WEATHER2,WEATHER,SCH_BUS,RAIL,NOT_HOUR,NOT_MIN,ARR_HOUR,ARR_MIN,HOSP_HR,HOSP_MN,CF1,CF2,CF3,FATALS,DRUNK_DR
24,240293,1,1,0,0,0,1,1,39,0,1,10,2016,7,20,9,0,1,7,2,4,CR-311,,1,38.12509444,-75.656383330000,0,53,0,0,1,1,0,4,2,5,0,5,0,0000000,99,99,99,99,99,99,0,0,0,1,1
24,240294,1,1,0,1,1,1,1,33,0,4,10,2016,3,19,36,1,2,3,1,2,US-1,,123,39.08484444,-76.861977780000,0,8,0,0,1,1,0,1,3,99,0,99,0,0000000,99,99,99,99,99,99,0,0,0,1,1
24,240295,2,2,0,0,0,2,2,15,0,6,10,2016,5,9,2,0,2,5,1,3,SR-7C,WINTERS RD,64,39.60284167,-75.916563890000,0,12,6,0,2,3,0,1,1,1,0,1,0,0000000,99,99,99,99,88,88,0,0,0,1,0
24,240296,2,2,0,0,0,2,2,5,0,30,8,2016,3,14,52,0,2,4,1,3,SR-150,CR-4158,86,39.34408611,-76.394002780000,0,12,6,0,2,3,0,1,1,1,0,1,0,0000000,99,99,99,99,99,99,0,0,0,1,0
24,240297,6,1,5,0,0,1,1,510,50,4,9,2016,1,10,36,0,2,4,4,6,MU-1960,,0,39.28749167,-76.639394440000,0,14,0,0,1,1,0,7,1,1,0,1,0,0000000,99,99,99,99,99,99,14,0,0,1,0
24,240298,3,2,1,0,0,7,7,510,50,24,9,2016,7,16,37,0,2,3,4,3,SR-144,,0,39.27990556,-76.665897220000,0,12,6,0,1,1,0,1,1,1,0,1,0,0000000,99,99,99,99,99,99,0,0,0,1,1
24,240299,2,2,0,0,0,5,5,35,0,3,10,2016,2,8,40,0,1,7,1,3,SR-395,CR-114,24,39.04533611,-76.016411110000,0,12,2,0,3,3,0,1,1,1,0,1,0,0000000,99,99,99,99,99,99,0,0,0,1,0
24,240300,2,2,0,0,0,2,2,17,0,8,10,2016,7,2,19,0,2,4,2,4,CR-345,STONE AVE,5,38.60545556,-76.913980560000,0,12,6,0,2,2,0,1,2,1,0,1,0,0000000,99,99,99,99,99,99,0,0,0,1,0
24,240301,1,1,0,0,0,1,1,45,0,2,10,2016,1,16,55,0,1,5,2,4,CR-38,,82,38.39062222,-75.745130560000,0,42,0,0,1,1,0,4,1,1,0,1,0,0000000,99,99,99,99,99,99,0,0,0,1,1
24,240302,1,1,0,1,1,1,1,9,0,11,10,2016,3,5,55,0,2,5,1,3,SR-524,,2,38.61752500,-76.613436110000,0,8,0,0,1,1,0,1,2,1,0,1,0,0000000,99,99,99,99,88,88,0,0,0,1,0
24,240303,1,1,0,0,0,1,1,9,0,22,6,2016,4,7,22,0,2,3,1,3,SR-260,CR-777,60,38.70379167,-76.576813890000,0,1,0,0,2,3,0,1,1,1,0,1,0,0000000,99,99,99,99,99,99,0,0,0,1,0
24,240304,7,7,0,0,0,9,9,43,0,29,6,2016,4,16,48,1,1,1,1,1,I-81,,69,39.65272778,-77.750097220000,0,12,1,0,1,1,0,1,1,1,0,1,0,0000000,99,99,99,99,99,99,0,0,0,1,0
24,240305,1,1,0,1,1,2,2,5,0,3,9,2016,7,2,17,0,2,3,1,3,SR-295,,11,39.24366111,-76.648380560000,0,8,0,0,1,1,4,1,2,1,0,1,0,0000000,99,99,99,99,88,88,0,0,0,1,0
24,240306,1,1,0,0,0,2,2,27,0,10,9,2016,7,3,0,0,2,5,2,4,CR-1575,,11,39.24956389,-76.832633330000,0,42,0,0,1,1,0,4,3,1,0,1,0,0000000,99,99,99,99,99,99,0,0,0,1,1
24,240307,2,2,0,0,0,2,2,1,0,5,10,2016,4,15,14,0,2,5,1,3,SR-935,,10,39.53492222,-79.016075000000,0,12,2,0,1,1,0,1,1,1,0,1,0,0000000,99,99,99,99,99,99,0,0,0,1,0
24,240308,2,1,1,0,0,1,1,33,0,3,9,2016,7,15,25,0,2,7,2,4,CR-1948,,1,38.83737222,-76.882555560000,0,14,0,0,1,1,0,7,1,10,0,10,0,0000000,99,99,99,99,99,99,0,0,0,1,0
24,240309,5,2,3,0,0,3,3,510,50,28,5,2016,7,1,5,0,2,3,4,6,MU-1395,MU-1875,13,39.28665833,-76.638027780000,0,12,6,0,2,2,0,1,3,1,0,1,0,0000000,99,99,99,99,99,99,14,0,0,1,0
24,240310,1,1,0,1,1,1,1,33,0,12,9,2016,2,7,30,0,2,4,2,4,CR-3642,BIKE TRAIL CROSSING,7,38.98354722,-76.930891670000,0,9,0,0,2,2,0,1,1,1,0,1,0,0000000,99,99,99,99,99,99,0,0,0,1,0
24,240311,1,1,0,0,0,1,1,29,0,21,9,2016,4,13,49,0,2,5,1,3,SR-291,,39,39.23988056,-76.031227780000,0,35,0,0,1,1,0,4,1,1,0,1,0,0000000,99,99,99,99,88,88,0,0,0,1,1
24,240312,1,1,0,1,1,1,1,25,0,14,7,2016,5,4,7,0,2,4,1,3,SR-7,,7,39.43146944,-76.367136110000,0,8,0,0,1,1,0,1,2,1,0,1,0,0000000,99,99,99,99,88,88,0,0,0,1,0
24,240313,3,3,0,2,2,3,3,27,0,24,7,2016,1,2,58,1,2,1,1,1,I-95,,64,39.18890000,-76.774858330000,0,12,1,0,1,1,0,2,3,1,0,1,0,0000000,99,99,99,99,99,99,23,0,0,1,2
24,240314,2,2,0,0,0,4,4,45,0,23,7,2016,7,14,54,0,1,5,1,3,SR-350,,68,38.34177500,-75.462783330000,0,12,2,0,1,1,0,1,1,1,0,1,0,0000000,99,99,99,99,99,99,0,0,0,1,0
24,240315,2,2,0,0,0,2,2,33,0,29,7,2016,6,1,56,1,2,1,1,1,I-95,,91,38.83011389,-76.874450000000,0,12,1,0,1,1,0,1,2,2,0,2,0,0000000,99,99,99,99,99,99,0,0,0,1,0
24,240316,1,1,0,0,0,1,1,11,0,3,7,2016,1,23,25,0,1,6,2,4,CR-157,,42,38.74752222,-75.835975000000,0,34,0,0,1,1,0,4,2,10,0,10,0,0000000,99,99,99,99,88,88,0,0,0,1,1
24,240317,3,3,0,0,0,4,4,15,0,16,10,2016,1,16,40,1,2,1,1,1,I-95,,6,39.58515000,-76.095788890000,0,12,6,0,1,1,0,1,1,1,0,1,0,0000000,99,99,99,99,99,99,28,0,0,2,0
24,240318,1,1,0,1,1,1,1,5,0,30,9,2016,6,23,14,0,2,3,1,2,US-40,,16,39.28483611,-76.759252780000,0,8,0,0,1,1,0,1,3,2,0,2,0,0000000,99,99,99,99,99,99,0,0,0,1,0
24,240319,2,2,0,0,0,4,4,35,0,1,10,2016,7,15,21,0,2,3,1,3,SR-213,,111,39.09071389,-76.033747220000,0,12,2,0,1,1,0,1,1,99,0,99,0,0000000,99,99,99,99,99,99,0,0,0,3,0
24,240320,3,2,1,0,0,2,2,510,50,2,9,2016,6,22,53,0,2,5,4,6,MU-6168,US-1,2,39.29293333,-76.647175000000,0,12,6,0,2,2,0,1,3,1,0,1,0,0000000,99,99,99,99,99,99,0,0,0,1,0
24,240321,1,1,0,1,1,1,1,510,50,10,7,2016,1,0,24,0,2,3,4,6,MU1230,S. EXTER STREET,1,39.28421111,-76.600352780000,0,8,0,0,2,99,0,1,3,1,0,1,0,0000000,99,99,99,99,99,99,0,0,0,2,0
24,240322,2,2,0,0,0,3,3,21,0,22,9,2016,5,16,41,1,1,1,1,1,I-70,,240,39.38099167,-77.269022220000,0,12,6,0,1,1,0,1,1,1,0,1,0,0000000,99,99,99,99,99,99,0,0,0,1,0
24,240323,1,1,0,1,1,1,1,31,0,16,10,2016,1,20,49,0,2,3,1,3,SR-28,CR-4560,250,39.09523889,-77.112538890000,0,8,0,0,3,3,0,1,3,1,0,1,0,0000000,99,99,99,99,99,99,0,0,0,1,0
24,240324,1,1,0,1,1,1,1,31,0,17,10,2016,2,11,28,0,2,5,66,8,GV-33,,2,38.97340833,-77.101380560000,1,9,0,0,1,1,0,1,1,1,0,1,0,0000000,99,99,99,99,99,99,0,0,0,1,0
24,240325,1,1,0,1,1,1,1,31,0,24,10,2016,2,6,54,0,2,3,1,3,SR-97,,61,39.07363056,-77.065802780000,0,8,0,0,1,1,0,1,6,10,0,10,0,0000000,99,99,99,99,99,99,0,0,0,1,0
24,240326,1,1,0,0,0,1,1,47,0,25,10,2016,3,22,26,0,1,4,1,3,SR-12,,212,38.25552500,-75.500655560000,0,34,0,0,1,1,0,4,2,1,0,1,0,0000000,99,99,99,99,88,88,0,0,0,1,0
24,240327,1,1,0,1,1,1,1,17,0,23,10,2016,1,19,59,1,2,3,1,2,US-301,,166,38.55258889,-76.985733330000,0,8,0,0,1,1,0,1,2,1,0,1,0,0000000,99,99,99,99,88,88,0,0,0,1,0
24,240328,1,1,0,0,0,1,1,17,0,22,10,2016,7,1,44,0,2,4,1,3,SR-6,,215,38.50900000,-77.040341670000,0,34,0,0,1,1,0,4,3,1,0,1,0,0000000,99,99,99,99,99,99,0,0,0,1,1
24,240329,1,1,0,0,0,1,1,43,0,29,10,2016,7,10,58,1,1,1,1,1,I-68,,66,39.71267500,-78.231200000000,0,24,0,0,1,1,0,4,1,1,0,1,0,0000000,99,99,99,99,88,88,0,0,0,1,0
24,240330,2,2,0,0,0,2,2,27,0,29,10,2016,7,4,27,1,2,1,1,1,I-70,,107,39.31482222,-76.971227780000,0,12,1,0,1,1,0,1,2,1,0,1,0,0000000,99,99,99,99,88,88,23,0,0,1,0
24,240331,2,2,0,0,0,3,3,13,0,29,10,2016,7,11,36,0,2,3,1,3,SR-140,SR-91,14,39.49561944,-76.891586110000,0,12,6,0,2,2,0,1,1,1,0,1,0,0000000,99,99,99,99,99,99,0,0,0,1,0
24,240332,1,1,0,2,2,2,2,27,0,15,10,2016,7,23,13,1,2,3,1,2,US-1,,60,39.17485556,-76.777827780000,0,8,0,0,1,1,0,1,3,1,0,1,0,0000000,99,99,99,99,99,99,0,0,0,2,0
24,240333,3,3,0,0,0,5,5,15,0,8,8,2016,2,22,27,1,2,3,1,2,US-40,WHITE HALL RD,153,39.59819722,-75.819769440000,0,12,6,0,3,2,0,1,3,99,0,99,0,0000000,99,99,99,99,99,99,20,0,0,1,0
24,240334,1,1,0,1,1,1,1,37,0,30,10,2016,1,2,12,0,2,4,1,3,SR-237,,2,38.25113056,-76.489408330000,0,8,0,0,1,1,0,1,2,1,0,1,0,0000000,99,99,99,99,88,88,0,0,0,1,0
24,240335,1,1,0,1,1,1,1,17,0,23,10,2016,1,21,52,1,2,3,1,2,US-301,,257,38.65097778,-76.883077780000,0,9,0,0,8,1,0,1,2,99,0,99,0,0000000,99,99,99,99,88,88,0,0,0,1,0
24,240336,1,1,0,1,1,1,1,27,0,30,9,2016,6,1,57,1,2,3,1,2,US-1,,31,39.14085278,-76.811144440000,0,8,0,0,1,1,0,1,3,2,0,2,0,0000000,99,99,99,99,99,99,0,0,0,1,0
24,240337,1,1,0,1,1,1,1,33,0,12,10,2016,4,22,27,0,2,4,1,3,SR-450,,39,38.95331389,-76.877127780000,0,8,0,0,1,1,0,1,2,1,0,1,0,0000000,99,99,99,99,99,99,0,0,0,1,0
24,240338,3,3,0,0,0,5,5,510,50,28,2,2016,1,3,40,0,2,3,4,6,MU1370,MU4252,7,39.29819722,-76.597600000000,0,12,6,0,2,2,0,1,3,1,0,1,0,0000000,99,99,99,99,99,99,0,0,0,1,1
24,240339,1,1,0,1,1,1,1,25,0,1,10,2016,7,2,15,1,2,3,1,2,US-40,,149,39.52943611,-76.127838890000,0,9,0,0,1,1,0,1,2,10,0,10,0,0000000,99,99,99,99,99,99,0,0,0,1,0
24,240340,2,2,0,0,0,2,2,43,0,4,11,2016,6,14,29,1,1,1,1,1,I-70,,109,39.63533333,-78.025180560000,0,35,0,0,1,1,0,3,1,99,0,99,0,0000000,99,99,99,99,88,88,0,0,0,1,0
24,240341,1,1,0,0,0,1,1,17,0,30,10,2016,1,20,29,0,2,7,1,4,CR-254,,5,38.63253333,-76.930933330000,0,53,0,0,1,1,0,4,2,1,0,1,0,0000000,99,99,99,99,99,99,0,0,0,1,1
24,240342,1,1,0,0,0,2,2,43,0,8,11,2016,3,18,32,1,2,1,1,1,I-70,,139,39.62416111,-78.000958330000,0,42,0,0,1,1,0,3,2,1,0,1,0,0000000,99,99,99,99,99,99,0,0,0,1,0
24,240343,1,1,0,1,1,2,2,5,0,1,7,2016,6,20,22,0,2,4,2,4,CR-2621,CR-2486,13,39.29004444,-76.731563890000,0,8,0,0,3,3,0,1,5,10,0,10,0,0000000,99,99,99,99,99,99,0,0,0,1,0
24,240344,3,3,0,0,0,3,3,5,0,9,7,2016,7,23,19,0,2,3,1,3,SR-26,CR-200,72,39.35597778,-76.764758330000,0,12,1,0,3,2,0,1,3,1,0,1,0,0000000,99,99,99,99,99,99,0,0,0,1,0
24,240345,1,1,0,1,1,1,1,31,0,17,7,2016,1,13,23,0,2,3,1,3,SR-586,CR-2011,30,39.06000278,-77.089427780000,0,9,0,0,2,99,0,1,1,1,0,1,0,0000000,99,99,99,99,99,99,0,0,0,1,0
24,240346,1,1,0,0,0,1,1,5,0,11,11,2016,6,18,46,1,2,1,1,1,I-83,,59,39.43820556,-76.633119440000,0,25,0,0,1,1,0,4,3,1,0,1,0,0000000,99,99,99,99,99,99,0,0,0,1,0
24,240347,2,2,0,0,0,2,2,1,0,13,11,2016,1,6,52,0,2,4,1,3,SR-36,,41,39.52444722,-79.017508330000,0,12,2,0,1,1,0,1,2,1,0,1,0,0000000,99,99,99,99,88,88,0,0,0,2,1
24,240348,1,1,0,1,1,1,1,47,0,8,11,2016,3,19,15,0,2,7,1,3,SR-707E,,7,38.34401111,-75.161288890000,0,8,0,0,1,1,0,1,2,99,0,99,0,0000000,99,99,99,99,88,88,18,0,0,1,0
24,240349,2,2,0,0,0,2,2,33,0,28,6,2016,3,12,27,0,2,3,1,3,SR-450,MU-2760,124,38.97853611,-76.737838890000,0,12,1,0,3,2,0,1,1,1,0,1,0,0000000,99,99,99,99,99,99,0,0,0,1,0
24,240350,1,1,0,0,0,1,1,13,0,13,8,2016,7,3,34,0,2,7,1,3,SR-144A,,7,39.35878889,-77.162363890000,0,35,0,0,1,1,0,4,2,1,0,1,0,0000000,99,99,99,99,88,88,0,0,0,1,1
24,240351,3,1,2,0,0,1,1,510,50,27,5,2016,6,6,38,0,2,7,4,6,MU-4365,,5,39.23401389,-76.603444440000,0,14,0,0,1,1,0,7,4,1,0,1,0,0000000,99,99,99,99,99,99,0,0,0,1,0
24,240352,1,1,0,1,1,1,1,510,50,5,7,2016,3,22,20,0,2,3,1,6,MU-6020,MU-1395,12,39.28704167,-76.628069440000,0,8,0,0,2,2,0,1,3,1,0,1,0,0000000,99,99,99,99,99,99,0,0,0,1,0
24,240353,2,1,1,1,1,1,1,33,0,8,10,2016,7,3,5,0,2,5,1,3,SR-414,CR-1838,28,38.81554722,-76.962627780000,0,8,0,0,3,2,0,1,3,1,0,1,0,0000000,99,99,99,99,88,88,0,0,0,1,1
24,240354,1,1,0,0,0,2,2,510,50,5,4,2016,3,0,16,1,2,3,1,2,US-1,,94,39.28488333,-76.646800000000,0,33,0,0,1,1,0,4,3,1,0,1,0,0000000,99,99,99,99,99,99,0,0,0,1,1
24,240356,2,2,0,0,0,2,2,9,0,4,8,2016,5,1,27,0,2,3,1,3,SR-2,CR-48,165,38.51347500,-76.566844440000,0,12,6,0,2,2,0,1,2,1,0,1,0,0000000,99,99,99,99,99,99,0,0,0,1,1
24,240357,1,1,0,1,1,1,1,510,50,5,7,2016,3,20,53,0,2,3,1,6,MU-2105,,17,39.34616389,-76.590950000000,0,8,0,0,1,1,0,1,3,1,0,1,0,0000000,99,99,99,99,99,99,0,0,0,1,0
24,240358,1,1,0,1,1,1,1,33,0,3,10,2016,2,5,39,0,2,3,1,3,SR-198,,41,39.09533333,-76.838547220000,0,8,0,0,8,1,0,1,2,5,0,5,0,0000000,99,99,99,99,88,88,0,0,0,1,0
24,240359,1,1,0,0,0,1,1,510,50,4,7,2016,2,0,25,1,2,1,1,1,I-83,,47,39.34525000,-76.647261110000,0,24,0,0,1,1,0,4,3,1,0,1,0,0000000,99,99,99,99,88,88,0,0,0,1,1
24,240360,1,1,0,0,0,3,3,23,0,4,8,2016,5,9,15,0,1,7,2,4,CR-146,,24,39.47935833,-79.251491670000,0,42,0,0,1,1,0,4,1,1,0,1,0,0000000,99,99,99,99,99,99,0,0,0,1,0
24,240361,2,2,0,0,0,2,2,25,0,28,10,2016,6,14,30,0,2,4,1,3,SR-147,,21,39.50045000,-76.394375000000,0,12,1,0,1,1,0,1,1,1,0,1,0,0000000,88,88,88,88,88,88,0,0,0,1,0
24,240362,1,1,0,0,0,1,1,3,0,6,11,2016,1,3,10,0,2,2,1,3,SR-100,,31,39.14775278,-76.701686110000,0,25,0,0,1,1,0,3,2,1,0,1,0,0000000,99,99,99,99,88,88,0,0,0,1,1
24,240363,2,2,0,0,0,3,3,5,0,8,10,2016,7,23,10,0,2,3,1,3,SR-150,CR-5163,0,39.28830556,-76.529505560000,0,12,6,0,2,3,0,1,3,8,0,8,0,0000000,99,99,99,99,99,99,0,0,0,1,0
24,240364,1,1,0,0,0,1,1,5,0,15,10,2016,7,23,44,0,2,3,2,4,CR-1164,,6,39.40480556,-76.597433330000,0,33,0,0,1,1,0,3,2,1,0,1,0,0000000,99,99,99,99,88,88,0,0,0,1,0
24,240365,2,2,0,0,0,2,2,5,0,30,9,2016,6,13,41,0,2,5,2,4,CR-675,CR-670,4,39.45743889,-76.819636110000,0,12,6,0,2,2,0,1,1,2,0,2,0,0000000,99,99,99,99,99,99,0,0,0,1,0
24,240366,3,3,0,0,0,4,4,3,0,5,11,2016,7,22,0,0,2,4,2,4,CR-2043,DEERING RD,10,39.12326667,-76.532091670000,0,12,9,0,2,3,0,1,3,99,0,99,0,0000000,99,99,99,99,99,99,0,0,0,2,2
24,240367,1,1,0,0,0,2,2,25,0,19,11,2016,7,20,45,0,2,6,1,3,SR-23,,46,39.69644444,-76.245930560000,0,52,0,0,1,1,0,4,2,3,0,3,0,0000000,99,99,99,99,99,99,0,0,0,1,0
24,240368,1,1,0,0,0,2,2,19,0,18,11,2016,6,22,42,0,1,4,1,3,SR-32,,104,38.63128056,-75.756186110000,0,58,0,0,1,1,0,4,2,99,0,99,0,0000000,99,99,99,99,99,99,0,0,0,1,0
24,240369,2,2,0,0,0,2,2,3,0,25,6,2016,7,23,32,0,2,3,1,3,SR-3,RACETRACK RD,26,39.02516944,-76.692383330000,0,12,6,0,2,99,0,1,3,1,0,1,0,0000000,99,99,99,99,88,88,0,0,0,1,0
24,240370,2,2,0,0,0,2,2,33,0,27,8,2016,7,3,4,1,2,1,1,1,I-95,,43,38.80665833,-76.988516670000,0,12,6,0,1,1,0,1,3,1,0,1,0,0000000,99,99,99,99,99,99,0,0,0,1,0
24,240371,2,2,0,0,0,2,2,510,50,26,8,2016,6,17,50,0,2,3,1,3,SR-41,MJ-2850,6,39.33093889,-76.589025000000,0,12,6,0,2,3,0,1,1,1,0,1,0,0000000,99,99,99,99,99,99,0,0,0,1,0
24,240372,1,1,0,1,1,3,3,510,50,22,7,2016,6,14,54,0,2,4,4,6,MU-1040,,6,39.36303611,-76.605513890000,0,8,0,0,1,1,0,1,1,1,0,1,0,0000000,99,99,99,99,99,99,0,0,0,1,0
24,240373,1,1,0,0,0,1,1,21,0,24,9,2016,7,13,30,0,2,5,2,4,CR-412,,4,39.39410278,-77.287961110000,0,32,0,0,1,1,0,4,1,1,0,1,0,0000000,99,99,99,99,88,88,0,0,0,1,1
24,240374,2,2,0,0,0,2,2,31,0,15,11,2016,3,17,59,0,2,5,2,4,CR-4552,CR-95,23,39.08443056,-76.951011110000,0,12,6,0,2,2,0,1,3,1,0,1,0,0000000,99,99,99,99,88,88,0,0,0,1,1
24,240375,3,3,0,0,0,5,5,37,0,10,11,2016,5,16,37,0,2,3,1,3,SR-4,,77,38.45116111,-76.749905560000,0,12,2,0,1,1,0,1,1,1,0,1,0,0000000,99,99,99,99,99,99,0,0,0,1,0
24,240376,1,1,0,1,1,1,1,5,0,23,8,2016,3,0,34,0,2,4,1,3,SR-151,,42,39.27465278,-76.474133330000,0,8,0,0,1,1,0,1,2,1,0,1,0,0000000,99,99,99,99,88,88,0,0,0,1,0
24,240377,2,2,0,0,0,3,3,33,0,3,8,2016,4,16,31,0,2,3,1,3,SR-3,CR-1824,16,38.97789167,-76.714841670000,0,12,6,0,2,2,0,1,1,1,0,1,0,0000000,99,99,99,99,99,99,0,0,0,2,0
24,240378,2,2,0,0,0,2,2,25,0,23,11,2016,4,17,46,0,2,4,1,3,SR-7,SR-136,73,39.47373889,-76.264033330000,0,12,6,0,2,3,0,1,3,1,0,1,0,0000000,99,99,99,99,99,99,0,0,0,1,0
24,240379,1,1,0,1,1,1,1,13,0,25,11,2016,6,18,10,0,2,4,1,3,SR-27,,3,39.35562500,-77.168988890000,0,9,0,0,1,1,0,1,2,1,0,1,0,0000000,99,99,99,99,99,99,0,0,0,1,0
24,240380,2,2,0,0,0,3,3,5,0,27,11,2016,1,23,1,1,2,1,1,1,I-695,,33,39.26250278,-76.707002780000,0,12,1,0,1,1,0,1,3,1,0,1,0,0000000,99,99,99,99,99,99,0,0,0,1,0
24,240381,3,3,0,0,0,4,4,33,0,29,7,2016,6,23,17,0,1,4,1,3,SR-214,CR-2802,13,38.88767778,-76.889769440000,0,12,6,0,3,3,0,1,3,1,0,1,0,0000000,99,99,99,99,88,88,0,0,0,1,1
24,240382,3,3,0,0,0,3,3,9,0,6,11,2016,1,18,57,0,2,2,1,3,SR-2,,173,38.52209444,-76.573713890000,0,11,0,0,1,1,0,1,2,1,0,1,0,0000000,99,99,99,99,88,88,0,0,0,1,0
24,240383,1,1,0,0,0,2,2,1,0,19,11,2016,7,23,11,0,2,7,2,4,CR-9,,11,39.57825556,-78.972258330000,0,30,0,0,1,1,0,4,2,4,0,4,0,0000000,99,99,99,99,99,99,0,0,0,1,1
24,240384,4,4,0,0,0,4,4,31,0,21,11,2016,2,19,49,0,2,4,2,4,CR-3283,,10,39.16431667,-77.149677780000,0,12,6,0,1,1,0,1,3,1,0,1,0,0000000,99,99,99,99,88,88,14,0,0,2,0
24,240385,2,2,0,0,0,3,3,3,0,25,11,2016,6,13,20,0,2,2,1,3,SR-10,,36,39.16235833,-76.605886110000,0,12,1,0,1,1,0,1,1,1,0,1,0,0000000,99,99,99,99,99,99,0,0,0,1,0
24,240386,2,2,0,0,0,3,3,21,0,27,10,2016,5,15,10,0,2,7,2,4,CR-396,,7,39.35436944,-77.249883330000,0,12,2,0,1,1,0,1,1,2,0,2,0,0000000,99,99,99,99,99,99,0,0,0,1,0
24,240387,1,1,0,1,1,1,1,5,0,17,10,2016,2,10,0,0,2,4,1,3,SR-144,,6,39.26264722,-76.786213890000,0,8,0,0,1,1,0,1,1,1,0,1,0,0000000,99,99,99,99,99,99,0,0,0,1,0